"id","pop","lat","lon","year","sex","age","svl","weight","species"
"AA24187","Gundaroo",-35.0874768218822,149.30148780867,"2009","F","",NA,NA,"Tympanocryptis lineata"
"AA24261","Royalla",-35.502684640105,149.179723667505,"2010","M","SA",39.5,4.31,"Tympanocryptis lineata"
"AA24349","Gundaroo",-35.0546174982419,149.295051000481,"2014","M","A",77,5.5,"Tympanocryptis lineata"
"AA24350","Tuggeranong",-35.4392330775219,149.028528740521,"2014","M","A",58.5,4.69,"Tympanocryptis lineata"
"AA24001","Gundaroo",-35.1021049600226,149.300353236465,"2006",NA,"J",29.9,3.16,"Tympanocryptis lineata"
"AA24298","Googong",-35.4363173158307,149.227909496887,"2013","UK","J",34.1,2.68,"Tympanocryptis lineata"
"AA24299","Googong",-35.4321860552173,149.232734963701,"2013","M","A",51.3,5.35,"Tympanocryptis lineata"
"AA24361","Googong",-35.4524801244312,149.228368864039,"2015","U","J",27.8,3.92,"Tympanocryptis lineata"
"AA24151","Royalla",-35.4823769709736,149.183025959992,"2008","J",NA,NA,NA,"Tympanocryptis lineata"
"AA24108","Royalla",-35.4883268234332,149.165622820225,"2007","U",NA,NA,NA,"Tympanocryptis lineata"
"AA24109","Royalla",-35.4959666980107,149.175051645685,"2007","U",NA,NA,NA,"Tympanocryptis lineata"
"AA24262","Gundaroo",-35.0767920423966,149.277600030982,"2010","F","A",84.3,5.75,"Tympanocryptis lineata"
"AA24188","Royalla",-35.5166234230639,149.176771101078,"2009","F","",NA,NA,"Tympanocryptis lineata"
"AA24300","Googong",-35.4344595430937,149.222589837255,"2013","M","SA",42.1,4.18,"Tympanocryptis lineata"
"AA24002","Gundaroo",-35.0824510884451,149.312630756637,"2006",NA,"J",22.3,2.66,"Tympanocryptis lineata"
"AA24301","Googong",-35.4441412642422,149.198518023791,"2013","UK","SA",39.5,4.58,"Tympanocryptis lineata"
"AA24302","Googong",-35.4382898922847,149.246352222846,"2013","UK","SA",44.7,3.48,"Tympanocryptis lineata"
"AA24362","Googong",-35.4523256414905,149.221247913268,"2015","U","J",30.5,3.64,"Tympanocryptis lineata"
"AA24152","Royalla",-35.512761460234,149.184477293616,"2008","J",NA,NA,NA,"Tympanocryptis lineata"
"AA24110","Royalla",-35.505360443347,149.176329390364,"2007","U",NA,NA,NA,"Tympanocryptis lineata"
"AA24111","Gundaroo",-35.0756940411533,149.279468863955,"2007","U",NA,NA,NA,"Tympanocryptis lineata"
"AA24263","Gundaroo",-35.0753082742562,149.303553865841,"2010","M","SA",46,3.91,"Tympanocryptis lineata"
"AA24189","Royalla",-35.4902091658991,149.168769346443,"2009","J","",NA,NA,"Tympanocryptis lineata"
"AA24003","Gundaroo",-35.0735387353974,149.288332922882,"2006","M","SA",42,4.34,"Tympanocryptis lineata"
"AA24303","Googong",-35.4389556711252,149.237035397895,"2013","UK","J",31.8,3.48,"Tympanocryptis lineata"
"AA24304","Googong",-35.4308226266284,149.238798229289,"2013","UK","J",33,2.78,"Tympanocryptis lineata"
"AA24363","Googong",-35.4528800288439,149.238063927858,"2015","F","A",78.5,5.18,"Tympanocryptis lineata"
"AA24112","Royalla",-35.496497671001,149.176447693696,"2007","U",NA,NA,NA,"Tympanocryptis lineata"
"AA24113","Gundaroo",-35.0748711494055,149.311212648909,"2007","F?",NA,NA,NA,"Tympanocryptis lineata"
"AA24264","Gundaroo",-35.0848417447817,149.289697036937,"2010","F","SA",41.6,4.07,"Tympanocryptis lineata"
"AA24190","Royalla",-35.5071896692664,149.171414643681,"2009","J","",NA,NA,"Tympanocryptis lineata"
"AA24004","Gundaroo",-35.0620646027178,149.274208897412,"2006","M","A",78.1,5.94,"Tympanocryptis lineata"
"AA24305","Googong",-35.462581093584,149.223062336885,"2013","M","J",35.2,3.04,"Tympanocryptis lineata"
"AA24306","Googong",-35.4385519665201,149.22534603499,"2013","M?","SA",45.2,3.86,"Tympanocryptis lineata"
"AA24364","Googong",-35.4434523292949,149.240684966836,"2015","U","J",30.7,3.14,"Tympanocryptis lineata"
"AA24153","Royalla",-35.5140493417715,149.179168681219,"2008","J",NA,NA,NA,"Tympanocryptis lineata"
"AA24114","Royalla",-35.5053450961397,149.196631015499,"2007","U",NA,NA,NA,"Tympanocryptis lineata"
"AA24191","Royalla",-35.5099740933171,149.17772748808,"2009","J","",NA,NA,"Tympanocryptis lineata"
"AA24265","Gundaroo",-35.088846746236,149.290076955988,"2010","M","SA",46.8,4.02,"Tympanocryptis lineata"
"AA24192","Royalla",-35.5144068772472,149.192259901788,"2009","F","",NA,NA,"Tympanocryptis lineata"
"AA24005","Gundaroo",-35.0820274115023,149.285710855887,"2006","F","SA",45.7,3.49,"Tympanocryptis lineata"
"AA24307","Googong",-35.4434347689482,149.231604348343,"2013","UK","SA",40.6,3.65,"Tympanocryptis lineata"
"AA24308","Googong",-35.462263661951,149.234072799247,"2013","F?","SA",47.5,3.78,"Tympanocryptis lineata"
"AA24365","Googong",-35.4500440666816,149.232076269242,"2015","U","J",22.3,3.13,"Tympanocryptis lineata"
"AA24154","Royalla",-35.5018210155116,149.191401691796,"2008","J",NA,NA,NA,"Tympanocryptis lineata"
"AA24115","Royalla",-35.5232520476632,149.178653939801,"2007","U",NA,NA,NA,"Tympanocryptis lineata"
"AA24193","Royalla",-35.4974891052474,149.19025251041,"2009","M","",NA,NA,"Tympanocryptis lineata"
"AA24266","Gundaroo",-35.0927442923817,149.281689694779,"2010","M","A",48.5,5.26,"Tympanocryptis lineata"
"AA24194","Royalla",-35.5166981715221,149.182425687246,"2009","J","",NA,NA,"Tympanocryptis lineata"
"AA24351","Googong",-35.4229280054095,149.236205948683,"2014","M","A",75.7,6,"Tympanocryptis lineata"
"AA24006","Gundaroo",-35.0763968953583,149.304798191558,"2006","F","A",83,5.56,"Tympanocryptis lineata"
"AA24309","Googong",-35.4397721023802,149.241384800941,"2013","UK","J",30.7,2.16,"Tympanocryptis lineata"
"AA24310","Googong",-35.430299259144,149.218775100272,"2013","UK","J",33.2,2.86,"Tympanocryptis lineata"
"AA24366","Googong",-35.43942584072,149.243534668639,"2015","M","A",70.4,5.81,"Tympanocryptis lineata"
"AA24195","Royalla",-35.509673299671,149.182189748888,"2009","J","",NA,NA,"Tympanocryptis lineata"
"AA24116","Royalla",-35.5138283876113,149.173564802763,"2007","U",NA,NA,NA,"Tympanocryptis lineata"
"AA24196","Royalla",-35.496580775149,149.186511544615,"2009","F","",NA,NA,"Tympanocryptis lineata"
"AA24284","Gundaroo",-35.0652155499362,149.306273751344,"2011","F","",NA,NA,"Tympanocryptis lineata"
"AA24267","Gundaroo",-35.0977422732488,149.285570621353,"2010","F","A",50.6,5.77,"Tympanocryptis lineata"
"AA24311","Royalla",-35.4945433040361,149.170759029542,"2013","M","",NA,NA,"Tympanocryptis lineata"
"AA24292","Royalla",-35.5251100106767,149.176293228305,"2012","M?","",NA,NA,"Tympanocryptis lineata"
"AA24117","Royalla",-35.5171766876346,149.192726038271,"2007","M",NA,NA,NA,"Tympanocryptis lineata"
"AA24312","Googong",-35.437395838647,149.235495775606,"2013","UK","J",23.1,2.8,"Tympanocryptis lineata"
"AA24367","Googong",-35.4577846387609,149.222647097061,"2015","F","A",75.1,5.37,"Tympanocryptis lineata"
"AA24118","Royalla",-35.5105642354877,149.178998534149,"2007","U",NA,NA,NA,"Tympanocryptis lineata"
"AA24119","Royalla",-35.4961151704324,149.18077876933,"2007","U",NA,NA,NA,"Tympanocryptis lineata"
"AA24197","Royalla",-35.4973050401275,149.178022614967,"2009","F","",NA,NA,"Tympanocryptis lineata"
"AA24293","Royalla",-35.5003693115525,149.185608182155,"2012","F","A",54.7,5.43,"Tympanocryptis lineata"
"AA24285","Royalla",-35.494490043541,149.200837690968,"2011","J","",NA,NA,"Tympanocryptis lineata"
"AA24313","Googong",-35.4351672134783,149.228943574865,"2013","M","A",67.3,5.49,"Tympanocryptis lineata"
"AA24294","Royalla",-35.4960852839141,149.191431812677,"2012","M?","",NA,NA,"Tympanocryptis lineata"
"AA24387","Googong",-35.433180753953,149.224830306668,"2016","M","A",67.7,5.8,"Tympanocryptis lineata"
"AA24155","Royalla",-35.5124687851705,149.161051322077,"2008","J",NA,NA,NA,"Tympanocryptis lineata"
"AA24314","Googong",-35.4629102122707,149.226799825555,"2013","UK","SA",41.3,4.28,"Tympanocryptis lineata"
"AA24368","Googong",-35.4302317554594,149.245817733081,"2015","U","J",34.4,2.8,"Tympanocryptis lineata"
"AA24120","Royalla",-35.507078998595,149.189070694938,"2007","U",NA,NA,NA,"Tympanocryptis lineata"
"AA24121","Royalla",-35.4983388544766,149.160792038734,"2007","U",NA,NA,NA,"Tympanocryptis lineata"
"AA24198","Royalla",-35.4809161079006,149.180022358039,"2009","M","",NA,NA,"Tympanocryptis lineata"
"AA24199","Royalla",-35.4992129021171,149.178022304686,"2009","F","",NA,NA,"Tympanocryptis lineata"
"AA24315","Googong",-35.4415057464589,149.235202089375,"2013","UK","J",31.3,2.39,"Tympanocryptis lineata"
"AA24295","Royalla",-35.4922434445915,149.179028916835,"2012","M?","",NA,NA,"Tympanocryptis lineata"
"AA24316","Googong",-35.4214261284448,149.236148419015,"2013","M","SA",47.4,4.61,"Tympanocryptis lineata"
"AA24317","Googong",-35.4472980445267,149.220604632868,"2013","F","A",50.9,6.58,"Tympanocryptis lineata"
"AA24369","Googong",-35.4234093634089,149.21761788295,"2015","U","SA",42.9,3.92,"Tympanocryptis lineata"
"AA24370","Googong",-35.4515556315163,149.222877697611,"2015","U","J",32,3.12,"Tympanocryptis lineata"
"AA24318","Googong",-35.4483192346222,149.220951036731,"2013","M","A",48.8,6.18,"Tympanocryptis lineata"
"AA24388","Googong",-35.4381332059533,149.219892114114,"2016","u","SA",44.9,3.64,"Tympanocryptis lineata"
"AA24319","Googong",-35.4416654272356,149.230470625406,"2013","M","SA",42.4,4.2,"Tympanocryptis lineata"
"AA24371","Googong",-35.4326857454143,149.222729525179,"2015","M","SA",44.5,3.61,"Tympanocryptis lineata"
"AA24320","Googong",-35.4329087231135,149.223421973697,"2013","F","A",70,4.87,"Tympanocryptis lineata"
"AA24321","Royalla",-35.5130503266933,149.193233868286,"2013","F","A",71.2,5.45,"Tympanocryptis lineata"
"AA24372","Googong",-35.4415223212548,149.229472799001,"2015","F","SA",46.8,4.72,"Tympanocryptis lineata"
"AA24373","Googong",-35.4354666919042,149.246840534181,"2015","U","J",27.6,2.96,"Tympanocryptis lineata"
"AA24322","Googong",-35.4406155409818,149.218539742806,"2013","F","A",78.8,5.73,"Tympanocryptis lineata"
"AA24374","Googong",-35.4293125054727,149.226646561976,"2015","U","J",31.1,2.43,"Tympanocryptis lineata"
"AA24375","Googong",-35.4514736854283,149.22499967158,"2015","F","SA",40.1,4.2,"Tympanocryptis lineata"
"AA24323","Googong",-35.4384835811163,149.239037461001,"2013","F","A",48.9,5.73,"Tympanocryptis lineata"
"AA24324","Googong",-35.4285134455493,149.230102851861,"2013","F","A",54.7,5.01,"Tympanocryptis lineata"
"AA24376","Googong",-35.4423184582511,149.214885831223,"2015","F","A",58.8,4.55,"Tympanocryptis lineata"
"AA24377","Googong",-35.4526860649925,149.191313248527,"2015","M","A",62.6,4.77,"Tympanocryptis lineata"
"AA24325","Googong",-35.4449608812326,149.225555535443,"2013","M","A",63.7,5.97,"Tympanocryptis lineata"
"AA24326","Googong",-35.4531907720866,149.234677654112,"2013","M","SA",40.5,3.88,"Tympanocryptis lineata"
"AA24327","Googong",-35.4419372060705,149.229276781456,"2013","M","A",62.1,4.6,"Tympanocryptis lineata"
"AA24378","Googong",-35.4296646374515,149.23362419872,"2015","M","SA",44.5,3.94,"Tympanocryptis lineata"
"AA24328","Googong",-35.4417578373652,149.227913500912,"2013","F","A",55,5.34,"Tympanocryptis lineata"
"AA24352","Royalla",-35.4933116819542,149.182820491641,"2014","F","A",83.8,6.36,"Tympanocryptis lineata"
"AA24379","Googong",-35.4404103977505,149.215646444338,"2015","U","J",21.9,2.12,"Tympanocryptis lineata"
"AA24353","Googong",-35.432844995525,149.22801003946,"2014","u","J",28.2,3.03,"Tympanocryptis lineata"
"AA24380","Googong",-35.4223102464747,149.218303226407,"2015","F","J",24.5,3.07,"Tympanocryptis lineata"
"AA24617","Unknown",NA,NA,"unknown",NA,NA,NA,NA,"Tympanocryptis lineata"
"AA24381","Googong",-35.4315235682434,149.228016353839,"2015","U","J",29.8,2.19,"Tympanocryptis lineata"
"AA24389","Gundaroo",-35.0632467262121,149.28623793447,"2016","M","A",63.6,6.32,"Tympanocryptis lineata"
"AA24390","Googong",-35.4440250160276,149.242103451116,"2016","M","A",69.9,6.16,"Tympanocryptis lineata"
"AA24391","Googong",-35.4326467153175,149.219351658042,"2016","u","J",33.4,2.57,"Tympanocryptis lineata"
"AA24392","Googong",-35.434048547292,149.216785871695,"2016","u","J",36.2,2.7,"Tympanocryptis lineata"
"AA24382","Googong",-35.4275148018871,149.228724607476,"2015","F","SA",41.9,3.23,"Tympanocryptis lineata"
"AA24393","Gundaroo",-35.1004425834641,149.284334530324,"2016","M","A",65,5.7,"Tympanocryptis lineata"
"AA24394","Googong",-35.4498573399134,149.249076374349,"2016","M","A",53.7,6.07,"Tympanocryptis lineata"
"AA24395","Googong",-35.4598553195819,149.251087020064,"2016","M","SA",43.5,3.58,"Tympanocryptis lineata"
"AA24396","Googong",-35.448799947888,149.227642092775,"2016","M","J",34.1,3.18,"Tympanocryptis lineata"
"AA24383","Googong",-35.4277372765845,149.237638413208,"2015","U","SA",39.1,4,"Tympanocryptis lineata"
"AA24397","Googong",-35.4457130515754,149.230977286681,"2016","M","J",22.4,2.96,"Tympanocryptis lineata"
"AA24398","Googong",-35.439486480394,149.223788667749,"2016","F","SA",44.4,3.45,"Tympanocryptis lineata"
"AA24399","Googong",-35.4509269723021,149.225761560547,"2016","u","SA",44.8,3.95,"Tympanocryptis lineata"
"AA24400","Gundaroo",-35.0870168933357,149.291225622949,"2016","F","SA",44.2,4.53,"Tympanocryptis lineata"
"AA24384","Googong",-35.449571233381,149.236152001078,"2015","F","A",76.1,5.17,"Tympanocryptis lineata"
"AA24401","Googong",-35.4358698073227,149.225280188299,"2016","M","A",58,5.42,"Tympanocryptis lineata"
"AA24402","Googong",-35.4536193003364,149.229769797343,"2016","u","SA",47,3.56,"Tympanocryptis lineata"
"AA24403","Googong",-35.4431630284489,149.217066058715,"2016","F","A",57.2,4,"Tympanocryptis lineata"
"AA24404","Googong",-35.446537558466,149.237423714681,"2016","M","A",59.6,5.43,"Tympanocryptis lineata"
"AA24385","Googong",-35.42661528623,149.233271580643,"2015","U","J",33.8,2.8,"Tympanocryptis lineata"
"AA24405","Googong",-35.4377306894715,149.226327519731,"2016","M","SA",41.5,4.2,"Tympanocryptis lineata"
"AA24406","Googong",-35.4486856182233,149.230443865394,"2016","F","SA",38.8,4.7,"Tympanocryptis lineata"
"AA24407","Gundaroo",-35.0838970305406,149.295472300487,"2016","F","SA",39.7,4.32,"Tympanocryptis lineata"
"AA24408","Googong",-35.4478222900764,149.246873852327,"2016","M","SA",41.8,4.52,"Tympanocryptis lineata"
"AA24386","Googong",-35.4478560976652,149.219444963753,"2015","U","J",34.5,2.52,"Tympanocryptis lineata"
"AA24409","Googong",-35.4200737070792,149.228413263701,"2016","u","SA",46.7,4.08,"Tympanocryptis lineata"
"AA24410","Gundaroo",-35.1095956837441,149.286624464657,"2016","M","SA",47.1,4.56,"Tympanocryptis lineata"
"AA24411","Googong",-35.4481142440442,149.231295881995,"2016","u","J",28.2,2.75,"Tympanocryptis lineata"
"AA24412","Googong",-35.4335624525903,149.237558716705,"2016","M","J",21,2.9,"Tympanocryptis lineata"
"AA24413","Tuggeranong",-35.4358906231276,149.027155334378,"2016","F","A",67.7,4.52,"Tympanocryptis lineata"
"AA24414","Googong",-35.4403388493203,149.226022747481,"2016","u","SA",38.9,4.97,"Tympanocryptis lineata"
"AA24415","Googong",-35.440506947162,149.22216219105,"2016","u","J",30.7,3.11,"Tympanocryptis lineata"
"AA24416","Googong",-35.427634187633,149.237231506056,"2016","u","J",35.4,2.85,"Tympanocryptis lineata"
"AA24417","Royalla",-35.5011539486436,149.181098274584,"2016","","SA",42.1,3.96,"Tympanocryptis lineata"
"AA24418","Gundaroo",-35.0711702731447,149.30062858706,"2016","F","A",64,5.72,"Tympanocryptis lineata"
"AA24419","Googong",-35.4393476471185,149.226120089711,"2016","u","SA",39,4.5,"Tympanocryptis lineata"
"AA24420","Googong",-35.430432296682,149.221737182635,"2016","u","J",37.8,4.22,"Tympanocryptis lineata"
"AA24421","Googong",-35.4551868342129,149.227917930446,"2016","M","SA",41,4.15,"Tympanocryptis lineata"
"AA24422","Royalla",-35.4796818174314,149.193852272264,"2016","","A",49.1,5.77,"Tympanocryptis lineata"
"AA24329","Googong",-35.4137746854385,149.228367829488,"2013","M","A",76.2,4.7,"Tympanocryptis lineata"
"AA24423","Gundaroo",-35.0927224878096,149.293640722082,"2016","u","SA",41.3,4.6,"Tympanocryptis lineata"
"AA24424","Gundaroo",-35.0920026230992,149.27967367279,"2016","u","SA",38.5,3.54,"Tympanocryptis lineata"
"AA24508","Royalla",-35.5074024680659,149.1586783624,"2018",NA,"J",29.6,3.23,"Tympanocryptis lineata"
"AA24558","Googong",-35.4542019303797,149.226867095783,"2020","M?","A",61.1,5.79,"Tympanocryptis lineata"
"AA24007","Tuggeranong",-35.4436623184849,149.049941862927,"2006","U","J",23.2,3.59,"Tympanocryptis lineata"
"AA24008","Tuggeranong",-35.4282955782635,149.038382379277,"2006","U","J",34.5,3.33,"Tympanocryptis lineata"
"AA24330","Gundaroo",-35.0742149611427,149.293923490562,"2013","M","SA",42,3.34,"Tympanocryptis lineata"
"AA24331","Gundaroo",-35.0918718894968,149.29631665689,"2013","U","J",30.3,2.74,"Tympanocryptis lineata"
"AA24009","Tuggeranong",-35.4411742091688,149.05727986192,"2006","F","SA",41.6,4.43,"Tympanocryptis lineata"
"AA24332","Gundaroo",-35.0745260200784,149.293445614174,"2013","M","SA",42.3,4.72,"Tympanocryptis lineata"
"AA24354","Tuggeranong",-35.4369777592336,149.02885918569,"2014","M","A",73.4,5.8,"Tympanocryptis lineata"
"AA24333","Royalla",-35.5034690057008,149.17372870634,"2013","M","A",52.7,5.28,"Tympanocryptis lineata"
"AA24425","Royalla",-35.5101285098877,149.178362239854,"2016","M","A",51.9,5.34,"Tympanocryptis lineata"
"AA24426","Royalla",-35.5197411287293,149.183758452873,"2016","","",NA,NA,"Tympanocryptis lineata"
"AA24010","Tuggeranong",-35.4228653303756,149.050729214384,"2006","M","A",49.3,4.72,"Tympanocryptis lineata"
"AA24200","Tuggeranong",-35.442141201426,149.04307052614,"2009","M","SA",47.2,4.37,"Tympanocryptis lineata"
"AA24156","Tuggeranong",-35.4501825574857,149.052411772303,"2008","M","SA",43.9,4.35,"Tympanocryptis lineata"
"AA24201","Tuggeranong",-35.4486787634316,149.042165674222,"2009","M","A",59.3,5.77,"Tympanocryptis lineata"
"AA24011","Royalla",-35.4979213728933,149.184603434018,"2006","U",NA,NA,NA,"Tympanocryptis lineata"
"AA24268","Tuggeranong",-35.4264713864492,149.038073836266,"2010","M","",NA,NA,"Tympanocryptis lineata"
"AA24012","Tuggeranong",-35.4446172439744,149.04567161421,"2006","M","A",61.8,5.42,"Tympanocryptis lineata"
"AA24334","Gundaroo",-35.0766851741394,149.289775204583,"2013","U","J",37.2,3.08,"Tympanocryptis lineata"
"AA24335","Royalla",-35.5025416938662,149.169627381024,"2013","u","",NA,NA,"Tympanocryptis lineata"
"AA24336","Royalla",-35.5014343760873,149.178574379898,"2013","M","A",67.6,5.35,"Tympanocryptis lineata"
"AA24427","Royalla",-35.4976607181286,149.172233772936,"2016","","",NA,NA,"Tympanocryptis lineata"
"AA24428","Royalla",-35.5075951716815,149.186839253557,"2016","","SA",44.4,4.09,"Tympanocryptis lineata"
"AA24013","Tuggeranong",-35.4409121964982,149.046438863575,"2006","M","A",59.2,5.42,"Tympanocryptis lineata"
"AA24202","Tuggeranong",-35.4413746246866,149.029990481352,"2009","M","A",84.2,6.28,"Tympanocryptis lineata"
"AA24157","Tuggeranong",-35.4343434734084,149.045534368776,"2008","J","SA",42.7,4.63,"Tympanocryptis lineata"
"AA24203","Tuggeranong",-35.4590400708666,149.0459467987,"2009","F","SA",42.6,3.26,"Tympanocryptis lineata"
"AA24014","Royalla",-35.5063485887843,149.189007268051,"2006","F?",NA,NA,NA,"Tympanocryptis lineata"
"AA24269","Tuggeranong",-35.4558845472361,149.034316301082,"2010","M","",NA,NA,"Tympanocryptis lineata"
"AA24015","Tuggeranong",-35.4438113576431,149.042593272125,"2006","M","SA",38.3,3.06,"Tympanocryptis lineata"
"AA24337","Gundaroo",-35.0891812599125,149.290575563659,"2013","U","J",26.4,3.32,"Tympanocryptis lineata"
"AA24338","Royalla",-35.5102202933626,149.185031680575,"2013","F","U",NA,NA,"Tympanocryptis lineata"
"AA24339","Royalla",-35.5031834234907,149.174360543297,"2013","M","A",67.9,5.68,"Tympanocryptis lineata"
"AA24429","Royalla",-35.5058946316726,149.175133793621,"2016","","A",66.6,5.39,"Tympanocryptis lineata"
"AA24430","Royalla",-35.4981303149414,149.192747018845,"2016","","SA",42.2,2.65,"Tympanocryptis lineata"
"AA24431","Gundaroo",-35.064692898045,149.302747416237,"2016","M","A",62.4,6.47,"Tympanocryptis lineata"
"AA24204","Tuggeranong",-35.4491251760207,149.057023934291,"2009","F","A",65.9,5.83,"Tympanocryptis lineata"
"AA24158","Tuggeranong",-35.44582625371,149.055155069313,"2008","M?","SA",48,3.8,"Tympanocryptis lineata"
"AA24432","Gundaroo",-35.0885169326575,149.289245745617,"2016","M","A",57.1,5.13,"Tympanocryptis lineata"
"AA24016","Royalla",-35.5017761033716,149.182180495537,"2006","F?",NA,NA,NA,"Tympanocryptis lineata"
"AA24270","Tuggeranong",-35.4460648148427,149.056889896072,"2010","M","",NA,NA,"Tympanocryptis lineata"
"AA24433","Royalla",-35.4966991081423,149.170718162834,"2016","","A",52.9,6.5,"Tympanocryptis lineata"
"AA24340","Gundaroo",-35.0810692454595,149.298710473017,"2013","U","J",25.4,3.35,"Tympanocryptis lineata"
"AA24355","Tuggeranong",-35.4640686645315,149.054904009483,"2014","U","SA",47.4,4.08,"Tympanocryptis lineata"
"AA24434","Gundaroo",-35.0777619420431,149.294924146122,"2016","M","A",66.3,6.07,"Tympanocryptis lineata"
"AA24435","Royalla",-35.5158721054817,149.188693511719,"2016","","J",31.8,3.7,"Tympanocryptis lineata"
"AA24436","Royalla",-35.50553327107,149.177211819029,"2016","","J",35,2.54,"Tympanocryptis lineata"
"AA24122","Tuggeranong",-35.4310830629656,149.042070169989,"2007","M","A",66.5,5.71,"Tympanocryptis lineata"
"AA24159","Tuggeranong",-35.4453797476299,149.0327499193,"2008","J","J",27.1,2.78,"Tympanocryptis lineata"
"AA24160","Tuggeranong",-35.4435485695427,149.041147989554,"2008","J","SA",39.6,3.23,"Tympanocryptis lineata"
"AA24017","Royalla",-35.4868795961213,149.176842967334,"2006","M?",NA,NA,NA,"Tympanocryptis lineata"
"AA24018","Royalla",-35.5072153599875,149.178319159853,"2006","F?",NA,NA,NA,"Tympanocryptis lineata"
"AA24286","Royalla",-35.4994007121697,149.182097756916,"2011","M","A",60.8,6.22,"Tympanocryptis lineata"
"AA24437","Royalla",-35.4972734235861,149.179061893102,"2016","","J",25.4,2.83,"Tympanocryptis lineata"
"AA24356","Royalla",-35.488539946287,149.181761196821,"2014","u","J",36.8,2.95,"Tympanocryptis lineata"
"AA24341","Royalla",-35.4942900019992,149.194886501775,"2013","M","A",59,5.4,"Tympanocryptis lineata"
"AA24438","Tuggeranong",-35.4503871831867,149.04731763738,"2016","M","A",56.5,4.95,"Tympanocryptis lineata"
"AA24439","Royalla",-35.5152138114505,149.15426747902,"2016","F","SA",46.8,3.64,"Tympanocryptis lineata"
"AA24501","Gundaroo",-35.090749913274,149.286292577734,"2017","U","J",36.2,3.38,"Tympanocryptis lineata"
"AA24123","Gundaroo",-35.0945778344257,149.286114056773,"2007","F","A",73.3,5.44,"Tympanocryptis lineata"
"AA24161","Tuggeranong",-35.4472951203065,149.049804413251,"2008","J","J",29.7,2.92,"Tympanocryptis lineata"
"AA24205","Tuggeranong",-35.444455557559,149.056332662604,"2009","J","J",37.2,2.91,"Tympanocryptis lineata"
"AA24019","Royalla",-35.5016878522401,149.163251156167,"2006","U",NA,NA,NA,"Tympanocryptis lineata"
"AA24206","Gundaroo",-35.0756059021672,149.288956024911,"2009","M","A",73.8,5,"Tympanocryptis lineata"
"AA24287","Gundaroo",-35.0894826821228,149.28604886653,"2011","F?","SA",43.4,3.39,"Tympanocryptis lineata"
"AA24440","Royalla",-35.5025967123518,149.17977129401,"2016","M","SA",47.8,3.61,"Tympanocryptis lineata"
"AA24357","Tuggeranong",-35.4415216298259,149.026192005922,"2014","U","J",31.7,3.12,"Tympanocryptis lineata"
"AA24342","Royalla",-35.5080647384363,149.165908160905,"2013","M","A",52,5.54,"Tympanocryptis lineata"
"AA24441","Royalla",-35.4737210200519,149.172101355861,"2016","U","J",27.7,3.44,"Tympanocryptis lineata"
"AA24442","Royalla",-35.5013017576803,149.175647113611,"2016","","SA",38.5,3.14,"Tympanocryptis lineata"
"AA24502","Gundaroo",-35.0566741383382,149.305597048038,"2017","U","J",26.1,2.53,"Tympanocryptis lineata"
"AA24124","Tuggeranong",-35.4347844246626,149.068586651145,"2007","M","A",62.1,4.85,"Tympanocryptis lineata"
"AA24162","Tuggeranong",-35.4438728232192,149.042323893796,"2008","J","J",25.3,2.73,"Tympanocryptis lineata"
"AA24207","Tuggeranong",-35.4362517976967,149.054584503915,"2009","J","J",27.5,2.89,"Tympanocryptis lineata"
"AA24020","Royalla",-35.5214018096574,149.186363740989,"2006","F?",NA,NA,NA,"Tympanocryptis lineata"
"AA24271","Royalla",-35.5094795367684,149.180221720013,"2010","J","J",25.4,3.83,"Tympanocryptis lineata"
"AA24288","Royalla",-35.4995346695375,149.168723697751,"2011","M","J",33.5,3.14,"Tympanocryptis lineata"
"AA24443","Royalla",-35.4910539211036,149.183148319553,"2016","F","SA",45.9,4.55,"Tympanocryptis lineata"
"AA24358","Tuggeranong",-35.4393600887318,149.04520262932,"2014","U","J",36.5,4.3,"Tympanocryptis lineata"
"AA24359","Royalla",-35.4978596474515,149.203776406739,"2014","u","J",30.4,3.06,"Tympanocryptis lineata"
"AA24444","Royalla",-35.4837492504348,149.186131571228,"2016","","SA",38.1,2.91,"Tympanocryptis lineata"
"AA24503","Gundaroo",-35.0791906824206,149.297227893117,"2017","U","J",36.1,3.86,"Tympanocryptis lineata"
"AA24125","Tuggeranong",-35.4352877233237,149.035628275875,"2007","J","J",30.8,2.98,"Tympanocryptis lineata"
"AA24163","Tuggeranong",-35.4457806126777,149.044684729526,"2008","M","A",50.9,5.11,"Tympanocryptis lineata"
"AA24208","Tuggeranong",-35.450015764139,149.054713091608,"2009","J","SA",40,3.93,"Tympanocryptis lineata"
"AA24021","Royalla",-35.5017693938918,149.191285269212,"2006","F?",NA,NA,NA,"Tympanocryptis lineata"
"AA24272","Royalla",-35.5066036459213,149.168375694328,"2010","J","J",34.8,3.11,"Tympanocryptis lineata"
"AA24296","Royalla",-35.5189983013513,149.186663207558,"2012","U","",NA,NA,"Tympanocryptis lineata"
"AA24445","Royalla",-35.5088150229469,149.182737096757,"2016","U","SA",45.2,3.8,"Tympanocryptis lineata"
"AA24360","Tuggeranong",-35.4423026838386,149.043617781326,"2014","F","A",68,5.42,"Tympanocryptis lineata"
"AA24343","Royalla",-35.4975736064396,149.167387600449,"2013","u","J",27.1,2.17,"Tympanocryptis lineata"
"AA24446","Royalla",-35.5112734509378,149.193215118535,"2016","","SA",40.2,4.08,"Tympanocryptis lineata"
"AA24504","Tuggeranong",-35.457645003367,149.051335593134,"2017","F","A",76.3,6.19,"Tympanocryptis lineata"
"AA24126","Tuggeranong",-35.4523616792898,149.049684517927,"2007","M","SA",44.5,4.08,"Tympanocryptis lineata"
"AA24164","Tuggeranong",-35.4355476229231,149.051594604801,"2008","M","SA",43.4,3.92,"Tympanocryptis lineata"
"AA24209","Tuggeranong",-35.4436284350291,149.029227007221,"2009","M","A",84,5.54,"Tympanocryptis lineata"
"AA24022","Royalla",-35.523800345223,149.162322334661,"2006","M?",NA,NA,NA,"Tympanocryptis lineata"
"AA24273","Tuggeranong",-35.4429697586883,149.056639200931,"2010","J","",NA,NA,"Tympanocryptis lineata"
"AA24289","Royalla",-35.5189344730168,149.180663878327,"2011","J","J",35.9,2.54,"Tympanocryptis lineata"
"AA24509","Gundaroo",-35.0983890978187,149.292206699729,"2018","U","J",21.2,2.55,"Tympanocryptis lineata"
"AA24510","Royalla",-35.5212644399276,149.176896085754,"2018","","SA",42.4,3.74,"Tympanocryptis lineata"
"AA24559","Googong",-35.4445342350526,149.228160259249,"2020","M","A",57.5,5.36,"Tympanocryptis lineata"
"AA24511","Gundaroo",-35.0953425390845,149.28660737088,"2018","U","A",68.7,5.41,"Tympanocryptis lineata"
"AA24512","Googong",-35.4507543712077,149.236534861315,"2018","","SA",38.6,3.55,"Tympanocryptis lineata"
"AA24513","Royalla",-35.5084702666661,149.1884315207,"2018","","SA",38.1,4.06,"Tympanocryptis lineata"
"AA24447","Gundaroo",-35.0880659008418,149.277607821497,"2016","u","SA",38.3,3.48,"Tympanocryptis lineata"
"AA24560","Royalla",-35.4837262331786,149.172748687029,"2020","M","A",59.1,5.11,"Tympanocryptis lineata"
"AA24448","Gundaroo",-35.0773790299961,149.306938441187,"2016","u","J",22.8,3.3,"Tympanocryptis lineata"
"AA24514","Royalla",-35.4989697818947,149.184098321729,"2018","","A",48.8,4.6,"Tympanocryptis lineata"
"AA24561","Royalla",-35.5051778996479,149.199710162712,"2020","F?","SA",43.2,3.19,"Tympanocryptis lineata"
"AA24449","Gundaroo",-35.0919394210583,149.270917073395,"2016","u","SA",40.7,3.16,"Tympanocryptis lineata"
"AA24515","Gundaroo",-35.0828572109059,149.291485928702,"2018","U","SA",40.3,4.6,"Tympanocryptis lineata"
"AA24562","Googong",-35.4381717205152,149.207801128916,"2020","M","A",53.2,5.9,"Tympanocryptis lineata"
"AA24563","Googong",-35.4304434786353,149.231923573869,"2020","M","SA",42.1,3.21,"Tympanocryptis lineata"
"AA24165","Tuggeranong",-35.4225433417546,149.040004096053,"2008","J","J",36.4,2.69,"Tympanocryptis lineata"
"AA24210","Tuggeranong",-35.442866268315,149.045226730367,"2009","J","J",22,2.81,"Tympanocryptis lineata"
"AA24450","Gundaroo",-35.0723011139012,149.294256161834,"2016","F","A",75.5,5.73,"Tympanocryptis lineata"
"AA24166","Tuggeranong",-35.4233743972864,149.035654659753,"2008","J","J",23.7,3.43,"Tympanocryptis lineata"
"AA24451","Gundaroo",-35.0776251225094,149.294311085914,"2016","M","A",59.2,6.42,"Tympanocryptis lineata"
"AA24127","Tuggeranong",-35.4322675510107,149.03065858589,"2007","M","SA",39.8,3.42,"Tympanocryptis lineata"
"AA24167","Gundaroo",-35.0903082214609,149.274316669173,"2008",NA,"J",25,2.75,"Tympanocryptis lineata"
"AA24564","Googong",-35.4392546100242,149.217281345889,"2020","M","A",58.7,6.57,"Tympanocryptis lineata"
"AA24211","Tuggeranong",-35.4301715045131,149.054520556871,"2009","M","SA",40.4,3.69,"Tympanocryptis lineata"
"AA24023","Tuggeranong",-35.4340208471177,149.047916994838,"2006","M","SA",39.1,4.15,"Tympanocryptis lineata"
"AA24274","Gundaroo",-35.0907986191771,149.286448428976,"2010","M?","SA",43.1,4.11,"Tympanocryptis lineata"
"AA24024","Tuggeranong",-35.4249013521925,149.046066806893,"2006","M","A",76.6,5.74,"Tympanocryptis lineata"
"AA24452","Gundaroo",-35.0750019810101,149.295370411086,"2016","M","A",53.9,5.91,"Tympanocryptis lineata"
"AA24344","Gundaroo",-35.0857474637075,149.28208963323,"2013","M","J",25.2,3.04,"Tympanocryptis lineata"
"AA24168","Tuggeranong",-35.4417328306802,149.038197451795,"2008","J","SA",43.7,4.35,"Tympanocryptis lineata"
"AA24128","Tuggeranong",-35.4286894165258,149.030252240149,"2007","J","J",25.6,2.55,"Tympanocryptis lineata"
"AA24169","Tuggeranong",-35.4371928411334,149.05563507327,"2008","J","J",31.5,3.23,"Tympanocryptis lineata"
"AA24170","Tuggeranong",-35.4518513148836,149.035410111934,"2008","J","J",28.7,2.77,"Tympanocryptis lineata"
"AA24129","Gundaroo",-35.0806265735185,149.273731833537,"2007","M","A",54.2,6.25,"Tympanocryptis lineata"
"AA24171","Tuggeranong",-35.4372950025327,149.053121986527,"2008","F","A",55.8,4.89,"Tympanocryptis lineata"
"AA24212","Gundaroo",-35.073142907837,149.293128343793,"2009","M","SA",45.3,3.86,"Tympanocryptis lineata"
"AA24453","Gundaroo",-35.0887652436401,149.296565471017,"2016","M","SA",38.5,3.83,"Tympanocryptis lineata"
"AA24454","Gundaroo",-35.0716250161151,149.276902696824,"2016","u","J",32.4,2.55,"Tympanocryptis lineata"
"AA24213","Gundaroo",-35.1034360400338,149.292929824034,"2009","M",NA,NA,NA,"Tympanocryptis lineata"
"AA24275","Gundaroo",-35.0790370692699,149.289026641946,"2010",NA,"J",24.4,3.58,"Tympanocryptis lineata"
"AA24455","Gundaroo",-35.076481678288,149.271163272184,"2016","u","J",23.9,1.82,"Tympanocryptis lineata"
"AA24172","Tuggeranong",-35.4495865447977,149.03471902552,"2008","J","J",24.3,2.73,"Tympanocryptis lineata"
"AA24276","Tuggeranong",-35.4246975985801,149.044729251982,"2010","J","",NA,NA,"Tympanocryptis lineata"
"AA24214","Tuggeranong",-35.4497069244345,149.049149112738,"2009","J","J",27,3.17,"Tympanocryptis lineata"
"AA24173","Tuggeranong",-35.4396637242107,149.039893472765,"2008","J","J",21.1,3.38,"Tympanocryptis lineata"
"AA24565","Googong",-35.4420398171223,149.225055108578,"2020","M?","SA",47.1,4.19,"Tympanocryptis lineata"
"AA24174","Tuggeranong",-35.437860870591,149.060350456287,"2008","J","J",33.9,2.34,"Tympanocryptis lineata"
"AA24175","Gundaroo",-35.0756984158895,149.299839377855,"2008",NA,"J",29.5,3,"Tympanocryptis lineata"
"AA24215","Gundaroo",-35.0664691334089,149.299534762684,"2009","F","SA",41.8,3.59,"Tympanocryptis lineata"
"AA24025","Tuggeranong",-35.4572022276908,149.050706004068,"2006","M","A",54.2,5.76,"Tympanocryptis lineata"
"AA24130","Tuggeranong",-35.4323003080237,149.036338728594,"2007","J","SA",44.6,4.24,"Tympanocryptis lineata"
"AA24216","Gundaroo",-35.0932446979025,149.283682569303,"2009","M","SA",45.6,5,"Tympanocryptis lineata"
"AA24217","Gundaroo",-35.0795094746648,149.296691607568,"2009","M","SA",43.6,3.45,"Tympanocryptis lineata"
"AA24176","Tuggeranong",-35.4283923730972,149.068007997622,"2008","J","J",30.5,3.03,"Tympanocryptis lineata"
"AA24218","Tuggeranong",-35.4414983026067,149.055793501884,"2009","M","A",57.4,4.7,"Tympanocryptis lineata"
"AA24026","Tuggeranong",-35.4484975488816,149.043972389755,"2006","M","SA",41.8,4.07,"Tympanocryptis lineata"
"AA24456","Gundaroo",-35.0715563884206,149.292304529026,"2016","F","A",69.3,4.85,"Tympanocryptis lineata"
"AA24219","Tuggeranong",-35.418707171278,149.024664795854,"2009","M","A",60.9,5.74,"Tympanocryptis lineata"
"AA24177","Tuggeranong",-35.4206516720227,149.047133680452,"2008","J","SA",46.3,4.54,"Tympanocryptis lineata"
"AA24220","Gundaroo",-35.0747495149402,149.284517742342,"2009","M","A",84.5,4.99,"Tympanocryptis lineata"
"AA24345","Gundaroo",-35.0683798187883,149.277443129945,"2013","M","SA",45.3,4.62,"Tympanocryptis lineata"
"AA24131","Tuggeranong",-35.4301253502519,149.052485203854,"2007","J","J",36.1,3.46,"Tympanocryptis lineata"
"AA24566","Googong",-35.4332344643436,149.211233062018,"2020","F","A",74.6,5.77,"Tympanocryptis lineata"
"AA24178","Tuggeranong",-35.4488290075587,149.037901615572,"2008","M","SA",38.8,4.03,"Tympanocryptis lineata"
"AA24277","Gundaroo",-35.079245616632,149.310085952221,"2010",NA,"J",28.9,2.45,"Tympanocryptis lineata"
"AA24516","Googong",-35.4416516091819,149.224189753023,"2018","","A",75.8,5.44,"Tympanocryptis lineata"
"AA24179","Tuggeranong",-35.4259158358737,149.036503675726,"2008","F","SA",47.8,3.11,"Tympanocryptis lineata"
"AA24027","Tuggeranong",-35.447029586722,149.033119286937,"2006","M","A",84.3,6.14,"Tympanocryptis lineata"
"AA24517","Googong",-35.4533851075736,149.222808872174,"2018","","SA",42.3,3.9,"Tympanocryptis lineata"
"AA24457","Gundaroo",-35.0825898445366,149.28199348894,"2016","M","A",80.9,4.95,"Tympanocryptis lineata"
"AA24221","Gundaroo",-35.0904760197014,149.27151929702,"2009","F","A",69.8,5.96,"Tympanocryptis lineata"
"AA24458","Gundaroo",-35.0697877263803,149.289478448858,"2016","u","J",24.2,3.19,"Tympanocryptis lineata"
"AA24028","Tuggeranong",-35.4404949944042,149.038669389094,"2006","F?","SA",38.4,2.4,"Tympanocryptis lineata"
"AA24029","Tuggeranong",-35.4412857789412,149.022016789056,"2006","F?","SA",44.9,3.42,"Tympanocryptis lineata"
"AA24030","Tuggeranong",-35.4353753692477,149.046594844002,"2006","F?","A",49,5.12,"Tympanocryptis lineata"
"AA24180","Tuggeranong",-35.4571015500338,149.049382558153,"2008","J","J",27.2,3.24,"Tympanocryptis lineata"
"AA24459","Tuggeranong",-35.4284771122495,149.062815773455,"2016","M","A",83.4,4.3,"Tympanocryptis lineata"
"AA24222","Gundaroo",-35.1141337123183,149.303378038254,"2009","J","J",37.5,2.69,"Tympanocryptis lineata"
"AA24518","Googong",-35.4516248486347,149.241616739262,"2018","M","SA",40.3,4.54,"Tympanocryptis lineata"
"AA24031","Tuggeranong",-35.4397866906322,149.048357078176,"2006","F?","A",71.6,6.38,"Tympanocryptis lineata"
"AA24032","Tuggeranong",-35.4299201372275,149.029702096366,"2006","F?","A",62.9,5.27,"Tympanocryptis lineata"
"AA24567","Googong",-35.4467674726799,149.209590236145,"2020","F","SA",38.5,4.44,"Tympanocryptis lineata"
"AA24460","Gundaroo",-35.0751214486848,149.284755297766,"2016","u","SA",38.9,4.42,"Tympanocryptis lineata"
"AA24278","Tuggeranong",-35.4563236153058,149.04832354738,"2010","M","",NA,NA,"Tympanocryptis lineata"
"AA24132","Tuggeranong",-35.4457411495341,149.049838106059,"2007","M","A",79.4,5.25,"Tympanocryptis lineata"
"AA24033","Tuggeranong",-35.4347877492167,149.041771200795,"2006","M","SA",40.1,4.37,"Tympanocryptis lineata"
"AA24133","Gundaroo",-35.066846478336,149.283115684084,"2007","F","A",72.7,5.34,"Tympanocryptis lineata"
"AA24034","Tuggeranong",-35.4479068620441,149.028588118034,"2006","M","A",79.3,5.25,"Tympanocryptis lineata"
"AA24223","Tuggeranong",-35.4304801271119,149.045696009353,"2009","M","A",70.8,4.32,"Tympanocryptis lineata"
"AA24461","Gundaroo",-35.081675672387,149.28980175287,"2016","M","A",53.4,6.05,"Tympanocryptis lineata"
"AA24224","Gundaroo",-35.0834051914697,149.28892514308,"2009","J","J",21.4,2.81,"Tympanocryptis lineata"
"AA24462","Tuggeranong",-35.4352262682338,149.054852314568,"2016","M","A",58.6,5.67,"Tympanocryptis lineata"
"AA24346","Gundaroo",-35.0825578559816,149.269366713936,"2013","M","SA",42.5,4.96,"Tympanocryptis lineata"
"AA24347","Gundaroo",-35.0784856554964,149.301271535722,"2013","U","J",21.2,3.69,"Tympanocryptis lineata"
"AA24225","Tuggeranong",-35.4250023185078,149.042510110902,"2009","J","J",20.2,3.14,"Tympanocryptis lineata"
"AA24226","Gundaroo",-35.088214513816,149.283567620299,"2009","F","A",80.4,5.97,"Tympanocryptis lineata"
"AA24227","Tuggeranong",-35.4337711992971,149.056163744452,"2009","J","J",31.4,2.5,"Tympanocryptis lineata"
"AA24463","Gundaroo",-35.0826282502606,149.282287427961,"2016","M","A",71.3,5.6,"Tympanocryptis lineata"
"AA24568","Googong",-35.4318987577471,149.229470633861,"2020","","SA",42.2,3.8,"Tympanocryptis lineata"
"AA24228","Tuggeranong",-35.4515402498897,149.054103124324,"2009","M","A",81.5,5.63,"Tympanocryptis lineata"
"AA24181","Tuggeranong",-35.4379953332168,149.060807587781,"2008","M","SA",39,5.04,"Tympanocryptis lineata"
"AA24279","Tuggeranong",-35.4330457206603,149.048122484815,"2010","M","",NA,NA,"Tympanocryptis lineata"
"AA24229","Tuggeranong",-35.4478010239543,149.058834233059,"2009","F","SA",41.9,3.78,"Tympanocryptis lineata"
"AA24464","Gundaroo",-35.0838419312884,149.301671522748,"2016","u","J",20.4,3.06,"Tympanocryptis lineata"
"AA24465","Gundaroo",-35.0899574489581,149.300423325512,"2016","u","J",34.7,2.42,"Tympanocryptis lineata"
"AA24230","Tuggeranong",-35.4603552374746,149.062620849384,"2009","M","SA",45.5,3.48,"Tympanocryptis lineata"
"AA24466","Gundaroo",-35.0757877394447,149.282009604717,"2016","u","J",32.3,2.69,"Tympanocryptis lineata"
"AA24035","Tuggeranong",-35.4486411819478,149.051767746501,"2006","M","SA",44.2,3.55,"Tympanocryptis lineata"
"AA24231","Tuggeranong",-35.447155487801,149.035883614307,"2009","F","A",59.9,6.09,"Tympanocryptis lineata"
"AA24348","Gundaroo",-35.0832534643466,149.273352585741,"2013","U","J",34.1,2.02,"Tympanocryptis lineata"
"AA24290","Tuggeranong",-35.4559954916351,149.034536829393,"2011","J","",NA,NA,"Tympanocryptis lineata"
"AA24036","Tuggeranong",-35.4318490668032,149.034245339428,"2006","M","SA",40.1,3.87,"Tympanocryptis lineata"
"AA24519","Googong",-35.4518985925732,149.242443813851,"2018","","J",21.7,2.86,"Tympanocryptis lineata"
"AA24037","Tuggeranong",-35.4426682056555,149.035060673515,"2006","M?","SA",45.6,3.59,"Tympanocryptis lineata"
"AA24467","Gundaroo",-35.0887235556813,149.291582012308,"2016","u","J",34.4,2.54,"Tympanocryptis lineata"
"AA24038","Tuggeranong",-35.4420139210077,149.035395038579,"2006","F?","A",53.6,4.69,"Tympanocryptis lineata"
"AA24134","Tuggeranong",-35.4429876054203,149.031588108285,"2007","M","A",57.9,6.11,"Tympanocryptis lineata"
"AA24135","Tuggeranong",-35.4496382848608,149.046221619731,"2007","M","A",68.3,5.23,"Tympanocryptis lineata"
"AA24136","Tuggeranong",-35.4385898309746,149.057359621843,"2007","F","SA",45.2,4.26,"Tympanocryptis lineata"
"AA24039","Tuggeranong",-35.4529658564947,149.03795142529,"2006","F?","A",53.1,5.79,"Tympanocryptis lineata"
"AA24468","Gundaroo",-35.0907214908577,149.295971311446,"2016","u","J",34.9,1.99,"Tympanocryptis lineata"
"AA24232","Gundaroo",-35.0856054557238,149.292588322016,"2009","F","A",80.9,6.19,"Tympanocryptis lineata"
"AA24040","Tuggeranong",-35.4436870508527,149.048711322715,"2006","M","A",64.4,5.01,"Tympanocryptis lineata"
"AA24041","Tuggeranong",-35.4406838983468,149.03495133467,"2006","F","A",69.2,6.46,"Tympanocryptis lineata"
"AA24042","Tuggeranong",-35.4610451695138,149.038269677667,"2006","F","SA",40.1,3.7,"Tympanocryptis lineata"
"AA24569","Googong",-35.44111609644,149.239861853611,"2020","M","A",57.4,5.01,"Tympanocryptis lineata"
"AA24043","Tuggeranong",-35.4353365949417,149.053357895896,"2006","F","A",67.2,6.03,"Tympanocryptis lineata"
"AA24137","Tuggeranong",-35.4427286169772,149.035961235959,"2007","J","J",24.3,3.37,"Tympanocryptis lineata"
"AA24138","Tuggeranong",-35.4313409356301,149.045932433187,"2007","J","J",26.6,2.81,"Tympanocryptis lineata"
"AA24233","Tuggeranong",-35.4470088715917,149.050969330867,"2009","F","A",66.2,5.65,"Tympanocryptis lineata"
"AA24044","Tuggeranong",-35.4401376449637,149.055700484805,"2006","F","A",68.7,5.17,"Tympanocryptis lineata"
"AA24469","Gundaroo",-35.0838225741638,149.28554102667,"2016","u","J",32.1,3.34,"Tympanocryptis lineata"
"AA24470","Gundaroo",-35.0872951188289,149.301097383642,"2016","u","J",21.3,2.63,"Tympanocryptis lineata"
"AA24520","Googong",-35.4442404531066,149.239020502767,"2018","","SA",38.3,3.37,"Tympanocryptis lineata"
"AA24521","Googong",-35.4463385014168,149.245036348208,"2018","","A",63,7.41,"Tympanocryptis lineata"
"AA24522","Googong",-35.4470897475025,149.239270270704,"2018","","SA",39.8,4.12,"Tympanocryptis lineata"
"AA24471","Gundaroo",-35.0817387563224,149.294286910921,"2016","u","A",73,5.48,"Tympanocryptis lineata"
"AA24570","Googong",-35.4322722724659,149.215173249407,"2020","M","A",71.8,6.2,"Tympanocryptis lineata"
"AA24139","Gundaroo",-35.0758640994071,149.294352792399,"2007","F","A",50.2,5.5,"Tympanocryptis lineata"
"AA24140","Tuggeranong",-35.4442219770671,149.045585770437,"2007","J","J",37.8,2.77,"Tympanocryptis lineata"
"AA24234","Tuggeranong",-35.4473386745841,149.044451720732,"2009","F","A",52.8,4.92,"Tympanocryptis lineata"
"AA24571","Googong",-35.4179416868277,149.232567043927,"2020","M","A",50.3,6.45,"Tympanocryptis lineata"
"AA24472","Gundaroo",-35.0883177963786,149.277850125862,"2016","u","SA",38.5,4.62,"Tympanocryptis lineata"
"AA24473","Tuggeranong",-35.4427867496267,149.041355429282,"2016","M","A",49.6,5.17,"Tympanocryptis lineata"
"AA24474","Gundaroo",-35.0718776795339,149.293790618698,"2016","u","J",31,2.58,"Tympanocryptis lineata"
"AA24045","Tuggeranong",-35.4524910311738,149.038107526201,"2006","F","A",51.6,6.17,"Tympanocryptis lineata"
"AA24523","Googong",-35.4341538732502,149.211146158111,"2018","","SA",46.3,3.48,"Tympanocryptis lineata"
"AA24572","Googong",-35.4315829897933,149.23472181961,"2020","F","A",67.4,5.17,"Tympanocryptis lineata"
"AA24573","Googong",-35.4510113690514,149.239810377053,"2020","M","A",50.8,5.58,"Tympanocryptis lineata"
"AA24280","Gundaroo",-35.0918593225732,149.290342251863,"2010",NA,"J",33.2,3.49,"Tympanocryptis lineata"
"AA24141","Tuggeranong",-35.4363367629875,149.037502656755,"2007","F","A",69.2,5.99,"Tympanocryptis lineata"
"AA24182","Tuggeranong",-35.4568863626501,149.041898380296,"2008","J","J",34.9,2.41,"Tympanocryptis lineata"
"AA24524","Googong",-35.4424091043857,149.223337476867,"2018","","SA",46.6,3.69,"Tympanocryptis lineata"
"AA24475","Gundaroo",-35.0850164533045,149.304775891782,"2016","M","A",67.5,5.18,"Tympanocryptis lineata"
"AA24281","Tuggeranong",-35.4417733351659,149.034834477277,"2010","J","",NA,NA,"Tympanocryptis lineata"
"AA24476","Tuggeranong",-35.4318146879004,149.04086027789,"2016","M","SA",43.6,4.58,"Tympanocryptis lineata"
"AA24525","Googong",-35.4377797004926,149.213213084969,"2018","","J",38,3.12,"Tympanocryptis lineata"
"AA24526","Googong",-35.4252499095496,149.238125818116,"2018","","SA",38.3,4.27,"Tympanocryptis lineata"
"AA24046","Tuggeranong",-35.4585162336767,149.046308404311,"2006","M","A",52.2,5.07,"Tympanocryptis lineata"
"AA24477","Gundaroo",-35.0930049009183,149.268226580511,"2016","M","A",53.8,5.5,"Tympanocryptis lineata"
"AA24142","Gundaroo",-35.0756767331708,149.298748483161,"2007","F?","SA",47.2,4.75,"Tympanocryptis lineata"
"AA24282","Gundaroo",-35.070628067441,149.284490079729,"2010",NA,"J",33.5,2.18,"Tympanocryptis lineata"
"AA24235","Tuggeranong",-35.4452745567268,149.063910401667,"2009","J","J",26.2,2.96,"Tympanocryptis lineata"
"AA24236","Tuggeranong",-35.4343586670032,149.042176471015,"2009","M","A",79.6,5.18,"Tympanocryptis lineata"
"AA24047","Tuggeranong",-35.4545174567208,149.04250969291,"2006","M","A",82.6,5.16,"Tympanocryptis lineata"
"AA24478","Gundaroo",-35.0852165363153,149.281110307015,"2016","u","J",34,2.71,"Tympanocryptis lineata"
"AA24237","Gundaroo",-35.0915613199535,149.284949649316,"2009","F","A",81.9,5.41,"Tympanocryptis lineata"
"AA24479","Tuggeranong",-35.4464992129034,149.033436697896,"2016","F","A",56.4,4.88,"Tympanocryptis lineata"
"AA24527","Googong",-35.4451837354501,149.212937096494,"2018","","A",77.3,4.91,"Tympanocryptis lineata"
"AA24528","Googong",-35.4475870589275,149.240997848955,"2018","","A",57.6,5.76,"Tympanocryptis lineata"
"AA24480","Gundaroo",-35.0634430378105,149.292540365355,"2016","u","J",23.1,2.64,"Tympanocryptis lineata"
"AA24048","Tuggeranong",-35.431358301208,149.018827887648,"2006","M?","A",73.8,5.57,"Tympanocryptis lineata"
"AA24143","Gundaroo",-35.0902577440886,149.265174953828,"2007","F","A",50.2,5.66,"Tympanocryptis lineata"
"AA24183","Gundaroo",-35.0942646490011,149.282681713898,"2008",NA,"J",29.7,3.38,"Tympanocryptis lineata"
"AA24283","Gundaroo",-35.083528393443,149.269208656278,"2010",NA,"J",28.6,1.96,"Tympanocryptis lineata"
"AA24184","Tuggeranong",-35.4369848387119,149.023263295609,"2008","F","SA",43.7,3.83,"Tympanocryptis lineata"
"AA24049","Tuggeranong",-35.442619512866,149.036876356247,"2006","M","SA",45.1,3.18,"Tympanocryptis lineata"
"AA24297","Tuggeranong",-35.4466211443282,149.049835185557,"2012","F","",NA,NA,"Tympanocryptis lineata"
"AA24291","Tuggeranong",-35.4362696233692,149.056223506322,"2011","M","",NA,NA,"Tympanocryptis lineata"
"AA24529","Googong",-35.4390500532893,149.214722450632,"2018","M","SA",45.5,3.92,"Tympanocryptis lineata"
"AA24050","Tuggeranong",-35.4472372400947,149.045994224327,"2006","M","SA",40.8,3.85,"Tympanocryptis lineata"
"AA24051","Tuggeranong",-35.4382509276505,149.036033469663,"2006",NA,"A",62.9,5.81,"Tympanocryptis lineata"
"AA24574","Googong",-35.4416566995234,149.224310227882,"2020","F","A",74.6,5.07,"Tympanocryptis lineata"
"AA24144","Gundaroo",-35.0760718461866,149.295774877215,"2007","F","A",68,4.55,"Tympanocryptis lineata"
"AA24145","Gundaroo",-35.0761311832113,149.294654574503,"2007",NA,"J",30,2.84,"Tympanocryptis lineata"
"AA24146","Tuggeranong",-35.423884242461,149.044945020004,"2007","J","J",22.6,3.38,"Tympanocryptis lineata"
"AA24238","Tuggeranong",-35.4376978507373,149.040540152521,"2009","M","A",68.5,6.05,"Tympanocryptis lineata"
"AA24530","Googong",-35.4537436901723,149.235704882211,"2018","M","SA",39.1,3.56,"Tympanocryptis lineata"
"AA24239","Tuggeranong",-35.430624856371,149.040599352083,"2009","J","",NA,NA,"Tympanocryptis lineata"
"AA24481","Gundaroo",-35.084861625607,149.303103887892,"2016","M","A",54.3,5.88,"Tympanocryptis lineata"
"AA24531","Googong",-35.4377384616934,149.242018136339,"2018","","A",67.9,5.19,"Tympanocryptis lineata"
"AA24052","Tuggeranong",-35.4534492489398,149.050780427031,"2006","M?","A",48.5,5.21,"Tympanocryptis lineata"
"AA24053","Tuggeranong",-35.436740812947,149.040098467784,"2006","F","A",63.6,6.54,"Tympanocryptis lineata"
"AA24054","Tuggeranong",-35.4430621325806,149.038695505383,"2006","F","A",67.2,4.68,"Tympanocryptis lineata"
"AA24147","Tuggeranong",-35.4388843357008,149.035774277942,"2007","J","J",32.1,3.37,"Tympanocryptis lineata"
"AA24240","Tuggeranong",-35.4166435614613,149.047181638094,"2009","J","J",29.1,2.33,"Tympanocryptis lineata"
"AA24148","Tuggeranong",-35.4480457596208,149.051136518862,"2007","J","J",36.1,3.68,"Tympanocryptis lineata"
"AA24241","Tuggeranong",-35.4184720774448,149.038234920144,"2009","J","J",35.3,3.16,"Tympanocryptis lineata"
"AA24482","Gundaroo",-35.0632615126239,149.297404432737,"2016","F","A",60.4,5.53,"Tympanocryptis lineata"
"AA24483","Gundaroo",-35.0865960502802,149.295594533788,"2016","U","J",33,3.91,"Tympanocryptis lineata"
"AA24582","Googong",-35.4448942755128,149.225857645626,"2021",NA,"J",26.7,3.79,"Tympanocryptis lineata"
"AA24583","Googong",-35.4471785909948,149.216422731365,"2021",NA,"SA",45.5,4.14,"Tympanocryptis lineata"
"AA24484","Royalla",-35.5119209749727,149.170532050414,"2016","U",NA,NA,NA,"Tympanocryptis lineata"
"AA24485","Royalla",-35.5214539305098,149.185466740813,"2016","U",NA,NA,NA,"Tympanocryptis lineata"
"AA24486","Gundaroo",-35.0767814920165,149.273427430867,"2016","u","J",21.2,3.03,"Tympanocryptis lineata"
"AA24584","Googong",-35.4500401526302,149.230952838818,"2021","M","SA",42.5,3.64,"Tympanocryptis lineata"
"AA24585","Googong",-35.4245177027834,149.223336961242,"2021","U","J",20,3.18,"Tympanocryptis lineata"
"AA24586","Royalla",-35.4915162401286,149.177484512398,"2021","U","A",68.3,4.82,"Tympanocryptis lineata"
"AA24487","Royalla",-35.4909108586533,149.182091661709,"2016","U",NA,NA,NA,"Tympanocryptis lineata"
"AA24488","Royalla",-35.5058796497401,149.175860755647,"2016","U",NA,NA,NA,"Tympanocryptis lineata"
"AA24489","Royalla",-35.5028011483529,149.180393558687,"2016","U","J",25,2.74,"Tympanocryptis lineata"
"AA24587","Googong",-35.4441076550803,149.227322729491,"2021","F","A",54.7,4.84,"Tympanocryptis lineata"
"AA24588","Googong",-35.4540201381766,149.232793419748,"2021","U","J",25.1,3.07,"Tympanocryptis lineata"
"AA24490","Royalla",-35.5061382371395,149.181715648692,"2016","U","SA",44.5,4.37,"Tympanocryptis lineata"
"AA24589","Googong",-35.4293455108695,149.220992826274,"2021","M","A",69.5,5.93,"Tympanocryptis lineata"
"AA24590","Googong",-35.4318574287696,149.229373129712,"2021","U","J",28.5,2.67,"Tympanocryptis lineata"
"AA24491","Royalla",-35.4947126565775,149.184520421135,"2016","U",NA,NA,NA,"Tympanocryptis lineata"
"AA24492","Royalla",-35.4963628930434,149.191737822581,"2016","U",NA,NA,NA,"Tympanocryptis lineata"
"AA24532","Gundaroo",-35.0937023124343,149.291651189627,"2018","U","J",31.3,3.13,"Tympanocryptis lineata"
"AA24591","Googong",-35.44282222075,149.237053262309,"2021","M","A",60.2,6.03,"Tympanocryptis lineata"
"AA24493","Royalla",-35.487470190719,149.167787640485,"2016","U",NA,NA,NA,"Tympanocryptis lineata"
"AA24494","Gundaroo",-35.0768488168636,149.27675643846,"2016","U","J",27.2,3.07,"Tympanocryptis lineata"
"AA24495","Royalla",-35.5020381386693,149.191926571151,"2016","U",NA,NA,NA,"Tympanocryptis lineata"
"AA24575","Royalla",-35.5122950141324,149.190682679439,"2020","M","A",60,6.11,"Tympanocryptis lineata"
"AA24592","Googong",-35.4540290247245,149.223834287679,"2021",NA,"A",72.6,5.16,"Tympanocryptis lineata"
"AA24496","Gundaroo",-35.0857740141233,149.296275943037,"2016","u","SA",46.3,4.25,"Tympanocryptis lineata"
"AA24497","Royalla",-35.5022673631655,149.184838273803,"2016","U",NA,NA,NA,"Tympanocryptis lineata"
"AA24593","Googong",-35.4271152474752,149.224960142815,"2021",NA,"J",24.1,3.65,"Tympanocryptis lineata"
"AA24594","Googong",-35.44934826652,149.240796926725,"2021",NA,"A",82.4,5.65,"Tympanocryptis lineata"
"AA24498","Gundaroo",-35.0758764290858,149.296944818968,"2016","U","J",35.4,3,"Tympanocryptis lineata"
"AA24499","Royalla",-35.5063974335304,149.190480270312,"2016","U",NA,NA,NA,"Tympanocryptis lineata"
"AA24595","Googong",-35.4497101366623,149.229093074636,"2021","M","A",70.8,5.12,"Tympanocryptis lineata"
"AA24596","Googong",-35.4342453243891,149.237143692682,"2021","F","A",65.6,5.69,"Tympanocryptis lineata"
"AA24500","Royalla",-35.5136108061101,149.189890817986,"2016","U",NA,NA,NA,"Tympanocryptis lineata"
"AA24055","Tuggeranong",-35.4657209213019,149.059301389072,"2006","U","J",21.2,2.03,"Tympanocryptis lineata"
"AA24185","Tuggeranong",-35.4377148713942,149.037775387605,"2008","U","J",21.9,3.13,"Tympanocryptis lineata"
"AA24242","Tuggeranong",-35.4242094746895,149.048619970172,"2009","M",NA,NA,NA,"Tympanocryptis lineata"
"AA24149","Royalla",-35.5129827909756,149.192466265204,"2007","M?",NA,NA,NA,"Tympanocryptis lineata"
"AA24056","Tuggeranong",-35.4565358198595,149.049824198234,"2006","U","J",33,1.97,"Tympanocryptis lineata"
"AA24057","Tuggeranong",-35.432844622374,149.047882776776,"2006","U","J",20.5,1.69,"Tympanocryptis lineata"
"AA24058","Tuggeranong",-35.4490019289243,149.039392930213,"2006",NA,"J",29.4,2.73,"Tympanocryptis lineata"
"AA24059","Tuggeranong",-35.4452257284123,149.033128686405,"2006",NA,"J",36.2,2.64,"Tympanocryptis lineata"
"AA24060","Tuggeranong",-35.4414115803161,149.057161416447,"2006","F?","SA",43.3,5.01,"Tympanocryptis lineata"
"AA24505","Gundaroo",-35.0770924939671,149.298982319739,"2017","F","A",76,6.36,"Tympanocryptis lineata"
"AA24533","Googong",-35.4285058774373,149.228709742679,"2018","U","J",21.3,2.96,"Tympanocryptis lineata"
"AA24576","Gundaroo",-35.0736094302897,149.280945929198,"2020","M","A",71.7,4.85,"Tympanocryptis lineata"
"AA24061","Tuggeranong",-35.4320772183879,149.067580346309,"2006","U","J",37.9,1.61,"Tympanocryptis lineata"
"AA24186","Tuggeranong",-35.4496632111792,149.050758322985,"2008","U","J",32.8,3.57,"Tympanocryptis lineata"
"AA24243","Tuggeranong",-35.4449169290071,149.045598267391,"2009","U","J",29.2,3.18,"Tympanocryptis lineata"
"AA24244","Royalla",-35.5094005287638,149.173474427009,"2009","U","J",36.9,2.87,"Tympanocryptis lineata"
"AA24062","Tuggeranong",-35.4383433701802,149.039108668673,"2006","U","J",30.5,3.78,"Tympanocryptis lineata"
"AA24063","Tuggeranong",-35.4307876148109,149.047310101534,"2006","U","J",36.2,3.47,"Tympanocryptis lineata"
"AA24064","Tuggeranong",-35.4591066837885,149.063101880296,"2006",NA,"A",83.4,6.53,"Tympanocryptis lineata"
"AA24065","Tuggeranong",-35.4210371080368,149.032339896141,"2006",NA,"J",25.7,2.77,"Tympanocryptis lineata"
"AA24066","Tuggeranong",-35.4364843506396,149.040428905734,"2006",NA,"SA",43.2,4.01,"Tympanocryptis lineata"
"AA24506","Gundaroo",-35.0770711588052,149.289799454199,"2017","U","J",37.8,2.7,"Tympanocryptis lineata"
"AA24534","Googong",-35.4253332587758,149.221304128685,"2018","U","J",29,2.97,"Tympanocryptis lineata"
"AA24597","Googong",-35.4493274703037,149.216782439932,"2021",NA,"J",28.8,3.24,"Tympanocryptis lineata"
"AA24067","Tuggeranong",-35.4358130207354,149.051825483861,"2006","U","J",26.5,3.58,"Tympanocryptis lineata"
"AA24245","Royalla",-35.5225646246964,149.186609813078,"2009","U","J",28.7,3.56,"Tympanocryptis lineata"
"AA24246","Royalla",-35.4938019385931,149.175153139246,"2009","M",NA,NA,NA,"Tympanocryptis lineata"
"AA24247","Royalla",-35.5121611289107,149.167846590657,"2009","U","J",21.1,2.88,"Tympanocryptis lineata"
"AA24068","Tuggeranong",-35.4486050680864,149.046545113586,"2006","U","A",77,5.48,"Tympanocryptis lineata"
"AA24069","Tuggeranong",-35.4286966256421,149.042135680159,"2006","U","SA",39.8,3.6,"Tympanocryptis lineata"
"AA24070","Tuggeranong",-35.4302881977324,149.054787974319,"2006",NA,"J",37.8,3.46,"Tympanocryptis lineata"
"AA24071","Tuggeranong",-35.4356737380641,149.0414637599,"2006",NA,"J",25.3,2.74,"Tympanocryptis lineata"
"AA24072","Tuggeranong",-35.4473298006833,149.025850290394,"2006","F?","A",80.7,5.62,"Tympanocryptis lineata"
"AA24535","Googong",-35.4246806826221,149.237982496309,"2018","U","SA",47.7,4.46,"Tympanocryptis lineata"
"AA24536","Googong",-35.4427920505027,149.206911839124,"2018","U","SA",41.6,3.26,"Tympanocryptis lineata"
"AA24073","Tuggeranong",-35.4386905198373,149.031079160953,"2006","U","J",37.5,3.15,"Tympanocryptis lineata"
"AA24074","Tuggeranong",-35.4371929383233,149.038774299217,"2006","U","J",30.5,2.53,"Tympanocryptis lineata"
"AA24248","Royalla",-35.4844925622314,149.186873931967,"2009","U","J",36.7,2.66,"Tympanocryptis lineata"
"AA24249","Royalla",-35.5147446259056,149.169201226466,"2009","F",NA,NA,NA,"Tympanocryptis lineata"
"AA24250","Royalla",-35.5107222875531,149.191728359438,"2009","U","J",28.9,3.69,"Tympanocryptis lineata"
"AA24075","Tuggeranong",-35.4407426801993,149.048430209371,"2006","U","J",29.8,3.37,"Tympanocryptis lineata"
"AA24076","Tuggeranong",-35.4315388496224,149.042039374862,"2006","U","A",64.2,4.91,"Tympanocryptis lineata"
"AA24077","Tuggeranong",-35.4326243962892,149.054981559368,"2006",NA,"SA",38.7,5.09,"Tympanocryptis lineata"
"AA24078","Tuggeranong",-35.4545688082499,149.044588141383,"2006",NA,"J",22.5,2.99,"Tympanocryptis lineata"
"AA24079","Tuggeranong",-35.4232679157669,149.055509466741,"2006",NA,"SA",42.9,3.61,"Tympanocryptis lineata"
"AA24537","Gundaroo",-35.0647715197993,149.287044550671,"2018","U","SA",47.2,4.21,"Tympanocryptis lineata"
"AA24577","Gundaroo",-35.0891161718264,149.278360916865,"2020","F","A",64.4,5.67,"Tympanocryptis lineata"
"AA24080","Tuggeranong",-35.4484040412585,149.042218722719,"2006","U","J",35.5,3.78,"Tympanocryptis lineata"
"AA24081","Tuggeranong",-35.4284293540065,149.045049533888,"2006","U","J",35.1,2.32,"Tympanocryptis lineata"
"AA24251","Tuggeranong",-35.4433004935514,149.035565499643,"2009","M",NA,NA,NA,"Tympanocryptis lineata"
"AA24252","Royalla",-35.4989897715956,149.178570891269,"2009","M",NA,NA,NA,"Tympanocryptis lineata"
"AA24253","Tuggeranong",-35.441850684793,149.035156036695,"2009","U","J",33.2,2.09,"Tympanocryptis lineata"
"AA24082","Tuggeranong",-35.4415472455938,149.050440414475,"2006","M?","A",59.6,5.36,"Tympanocryptis lineata"
"AA24083","Tuggeranong",-35.4344365059024,149.047145973074,"2006","U","J",24.3,2.51,"Tympanocryptis lineata"
"AA24084","Tuggeranong",-35.4504738397887,149.06172204912,"2006",NA,"J",26.6,3.29,"Tympanocryptis lineata"
"AA24085","Tuggeranong",-35.4397956242937,149.057730465461,"2006","F?","A",68.9,5.42,"Tympanocryptis lineata"
"AA24086","Tuggeranong",-35.4262389947281,149.054015549296,"2006",NA,"J",22.8,3.17,"Tympanocryptis lineata"
"AA24538","Googong",-35.4279601823976,149.234253568188,"2018","U","SA",47,3.04,"Tympanocryptis lineata"
"AA24578","Googong",-35.4374570279153,149.239587829338,"2020","M?","A",70.1,5.53,"Tympanocryptis lineata"
"AA24087","Tuggeranong",-35.4444248813958,149.056216230067,"2006","U","J",35.2,3.22,"Tympanocryptis lineata"
"AA24088","Tuggeranong",-35.4381602558422,149.041983591253,"2006","U","J",20.7,3.67,"Tympanocryptis lineata"
"AA24254","Gundaroo",-35.085912490038,149.294466229354,"2009","U","J",23.6,3.44,"Tympanocryptis lineata"
"AA24255","Royalla",-35.485396001501,149.175935587996,"2009","U","J",30.1,3.9,"Tympanocryptis lineata"
"AA24256","Tuggeranong",-35.4298484666717,149.033480725207,"2009","U","J",33.3,2.92,"Tympanocryptis lineata"
"AA24089","Tuggeranong",-35.4548294967431,149.040900450547,"2006","U","SA",47.4,3.93,"Tympanocryptis lineata"
"AA24090","Tuggeranong",-35.4215321486494,149.03511748483,"2006","U","J",35.4,2.13,"Tympanocryptis lineata"
"AA24091","Tuggeranong",-35.430121556812,149.041165541378,"2006",NA,"J",28.5,1.83,"Tympanocryptis lineata"
"AA24092","Tuggeranong",-35.436065110921,149.045295611287,"2006","M?","SA",41.9,5.17,"Tympanocryptis lineata"
"AA24093","Tuggeranong",-35.4493923334234,149.031431260551,"2006","F?","A",52.3,4.79,"Tympanocryptis lineata"
"AA24539","Googong",-35.4185218444948,149.240601130327,"2018","U","A",51.7,5.4,"Tympanocryptis lineata"
"AA24579","Googong",-35.4269588553841,149.237511562798,"2020","","J",23.9,3.03,"Tympanocryptis lineata"
"AA24094","Tuggeranong",-35.4542321743526,149.056687981429,"2006","U","J",31.9,2.3,"Tympanocryptis lineata"
"AA24095","Tuggeranong",-35.4372628149958,149.057150179633,"2006","U","J",22.3,3.75,"Tympanocryptis lineata"
"AA24257","Tuggeranong",-35.437877073457,149.03966760422,"2009","U","J",23.7,2.35,"Tympanocryptis lineata"
"AA24258","Royalla",-35.5068444896502,149.155215133637,"2009","U","J",23.6,3.68,"Tympanocryptis lineata"
"AA24096","Tuggeranong",-35.4308478025738,149.050351681409,"2006","U","A",60.1,5.32,"Tympanocryptis lineata"
"AA24097","Tuggeranong",-35.4330019369138,149.031974784051,"2006","U","J",29.1,2.56,"Tympanocryptis lineata"
"AA24098","Tuggeranong",-35.4659903912477,149.027879475152,"2006",NA,"J",33.7,2.28,"Tympanocryptis lineata"
"AA24099","Tuggeranong",-35.4524939605648,149.069814571037,"2006",NA,"J",23.9,3.26,"Tympanocryptis lineata"
"AA24100","Tuggeranong",-35.4435981519574,149.050433105018,"2006","F","J",32,2.1,"Tympanocryptis lineata"
"AA24540","Googong",-35.4317342585847,149.240634685534,"2018","U","J",36.4,3.14,"Tympanocryptis lineata"
"AA24580","Googong",-35.4447267647374,149.237674893481,"2020","F","A",67,5.76,"Tympanocryptis lineata"
"AA24101","Tuggeranong",-35.4329900817905,149.0181146513,"2006","U","J",37.1,2.72,"Tympanocryptis lineata"
"AA24102","Tuggeranong",-35.4401221267795,149.056532964408,"2006","U","J",26.9,1.69,"Tympanocryptis lineata"
"AA24259","Tuggeranong",-35.4261306881429,149.049698818546,"2009","U","J",30.6,2.16,"Tympanocryptis lineata"
"AA24260","Royalla",-35.5107080011857,149.190386229099,"2009","F",NA,NA,NA,"Tympanocryptis lineata"
"AA24103","Tuggeranong",-35.4551918314565,149.036074030707,"2006","U","A",49.6,4.79,"Tympanocryptis lineata"
"AA24104","Tuggeranong",-35.4432021987715,149.049332074524,"2006","U","J",21.6,2.94,"Tympanocryptis lineata"
"AA24105","Tuggeranong",-35.4467732318306,149.054747669643,"2006",NA,"J",37.4,2.38,"Tympanocryptis lineata"
"AA24106","Tuggeranong",-35.4433851377683,149.042994225504,"2006",NA,"J",25.9,3.97,"Tympanocryptis lineata"
"AA24507","Tuggeranong",-35.4330757675598,149.059150263897,"2017","U","J",24.5,2.27,"Tympanocryptis lineata"
"AA24541","Googong",-35.4541552610361,149.221306388643,"2018","U","J",29.4,4.08,"Tympanocryptis lineata"
"AA24581","Googong",-35.4219002486639,149.231368917249,"2020","","A",66.6,5.82,"Tympanocryptis lineata"
"AA24150","Tuggeranong",-35.4397966843832,149.054838317686,"2007","U","J",33.6,3.16,"Tympanocryptis lineata"
"AA24107","Tuggeranong",-35.4414104733047,149.043756730533,"2006",NA,"J",21.6,2.91,"Tympanocryptis lineata"
"AA24598","Googong",-35.4579964767834,149.245945485664,"2022",NA,"J",28.2,3.76,"Tympanocryptis lineata"
"AA24542","Googong",-35.4326712635198,149.254034800766,"2018",NA,"J",24.6,3.02,"Tympanocryptis lineata"
"AA24543","Googong",-35.4305957860391,149.205044778128,"2018",NA,"SA",45.4,4.49,"Tympanocryptis lineata"
"AA24544","Googong",-35.4520584688242,149.225336756229,"2018","","SA",41.7,3.78,"Tympanocryptis lineata"
"AA24599","Googong",-35.4425824152732,149.21758935631,"2022","","J",21.4,3.11,"Tympanocryptis lineata"
"AA24545","Googong",-35.4495888269372,149.231287243962,"2018",NA,"J",34.6,2.58,"Tympanocryptis lineata"
"AA24546","Royalla",-35.4924861593962,149.204768597191,"2018","U","SA",46.1,4.43,"Tympanocryptis lineata"
"AA24600","Googong",-35.4366218617816,149.210696859408,"2022","F?","A",48.2,5.57,"Tympanocryptis lineata"
"AA24547","Googong",-35.4349323837802,149.230223491321,"2018",NA,"J",23,3.08,"Tympanocryptis lineata"
"AA24548","Googong",-35.4540199681579,149.222167545936,"2018",NA,"J",22.2,3.21,"Tympanocryptis lineata"
"AA24601","Googong",-35.4590223299805,149.217372835035,"2022","M","J",34.1,3.09,"Tympanocryptis lineata"
"AA24549","Googong",-35.4413015052492,149.1975390501,"2018",NA,"J",32.2,2.77,"Tympanocryptis lineata"
"AA24550","Googong",-35.4499704758773,149.245695251382,"2018",NA,"J",31.7,2.75,"Tympanocryptis lineata"
"AA24602","Googong",-35.4608868426041,149.223695378771,"2022","F?","A",62.7,5.56,"Tympanocryptis lineata"
"AA24551","Googong",-35.4499817883436,149.248268404443,"2018",NA,"J",34.8,2.29,"Tympanocryptis lineata"
"AA24552","Googong",-35.4487221405447,149.227525063331,"2018",NA,"J",30.3,3.58,"Tympanocryptis lineata"
"AA24603","Googong",-35.4343825157176,149.237830693689,"2022",NA,"J",37.4,3.46,"Tympanocryptis lineata"
"AA24604","Googong",-35.4275428110704,149.22674361413,"2022","M","J",28.5,3.42,"Tympanocryptis lineata"
"AA24553","Googong",-35.4342567006869,149.232864449707,"2018",NA,"SA",47,4.38,"Tympanocryptis lineata"
"AA24554","Googong",-35.4592444811288,149.224529572745,"2018",NA,"A",70,4.93,"Tympanocryptis lineata"
"AA24605","Googong",-35.4489930716529,149.21960774723,"2022","M","J",26.1,3.34,"Tympanocryptis lineata"
"AA24606","Gundaroo",-35.0909744372506,149.300753252231,"2022","","J",24.3,2.85,"Tympanocryptis lineata"
"AA24555","Googong",-35.4433735444518,149.232558666218,"2018",NA,"J",29.9,3.29,"Tympanocryptis lineata"
"AA24607","Googong",-35.4340332912249,149.231937762896,"2022","F","A",67.9,5.61,"Tympanocryptis lineata"
"AA24556","Googong",-35.4310941453314,149.224961744612,"2018",NA,"SA",42.9,4.28,"Tympanocryptis lineata"
"AA24557","Googong",-35.4307822201767,149.22615733263,"2018",NA,"SA",45.4,3.67,"Tympanocryptis lineata"
"AA24608","Googong",-35.4524687479937,149.228962704714,"2022","F?","SA",40.2,3.99,"Tympanocryptis lineata"
"AA24609","Royalla",-35.5123516307779,149.183890481299,"2024","F","A",75.3,5.99,"Tympanocryptis lineata"
"AA24610","Googong",-35.4561678734955,149.227791934003,"2024","F","SA",43.4,3.23,"Tympanocryptis lineata"
"AA24611","Googong",-35.43993054888,149.231211561027,"2024","M?","SA",47.4,3.31,"Tympanocryptis lineata"
"AA24612","Royalla",-35.5200738530634,149.173150603847,"2024","U","J",22.8,3.79,"Tympanocryptis lineata"
"AA24613","Royalla",-35.5060845026752,149.178966025527,"2024","U","SA",41.5,3.35,"Tympanocryptis lineata"
"AA24614","Googong",-35.42634621042,149.232141637632,"2024","M?","SA",44.3,4.4,"Tympanocryptis lineata"
"AA24615","Googong",-35.4409364835561,149.232790115234,"2024","U","J",36.3,3.67,"Tympanocryptis lineata"
"AA24616","Googong",-35.4377675995426,149.247884178739,"2024","M?","SA",44.2,3.94,"Tympanocryptis lineata"
